Title,Link,Published,Summary
Oil prices settle higher to wrap up weekly gain as economic data lift demand hopes,https://www.investing.com/news/commodities-news/oil-prices-steady-set-for-mild-weekly-gains-amid-demand-hopes-3445371,2024-05-17 19:41:08,
Gold and silver to continue to appreciate - Julius Baer,https://www.investing.com/news/commodities-news/gold-and-silver-to-continue-to-appreciate--julius-baer-3446635,2024-05-17 18:41:10,
Goldman Sachs discusses what's next for natural gas prices,https://www.investing.com/news/commodities-news/goldman-sachs-discusses-whats-next-for-natural-gas-prices-3445517,2024-05-17 08:21:24,
Gold prices trim some weekly gains on tempered rate cut hopes,https://www.investing.com/news/commodities-news/gold-prices-trim-some-weekly-gains-on-tempered-rate-cut-hopes-3445415,2024-05-17 04:41:16,
Proxy adviser Glass Lewis urges Hess shareholders accept Chevron takeover offer,https://www.investing.com/news/commodities-news/proxy-adviser-glass-lewis-urges-hess-shareholders-accept-chevron-takeover-offer-3445375,2024-05-17 01:25:48,
Oil set for weekly gain on signs of improving demand,https://www.investing.com/news/commodities-news/oil-set-for-weekly-gain-on-signs-of-improving-demand-3445367,2024-05-17 01:11:01,
New York's summer average electrical prices expected to drop 3%,https://www.investing.com/news/commodities-news/new-yorks-summer-average-electrical-prices-expected-to-drop-3-3445131,2024-05-16 20:55:56,
Oil prices settle higher as hopes for rate cuts stoke demand optimism,https://www.investing.com/news/commodities-news/oil-prices-rise-as-softer-cpi-dents-dollar-us-inventories-shrink-3443188,2024-05-16 15:19:12,
OPEC+ likely to role over output cuts - UBS,https://www.investing.com/news/commodities-news/opec-likely-to-role-over-output-cuts--ubs-3444344,2024-05-16 14:03:09,
"US bars imports from 26 cotton traders, warehouses over Uyghur forced labor",https://www.investing.com/news/economy/us-bars-imports-from-26-cotton-traders-warehouses-over-uyghur-forced-labor-3444153,2024-05-16 13:07:57,
